epoch,step,train_loss,val_loss,learning_rate
1,1,3.686621057987213,3.712223793268204,0.0003
1,500,1.8909795427322387,1.9796919190883637,0.0003
1,1000,1.5683993113040924,1.6767992413043975,0.0003
1,1500,1.442848984003067,1.5207215929031372,0.0003
1,2000,1.3657806020975114,1.434677436351776,0.0003
1,2500,1.3149815022945404,1.4075667947530746,0.0003
1,3000,1.280566484928131,1.3916995602846145,0.0003
1,3500,1.2528541052341462,1.3761233329772948,0.0003
1,4000,1.2240938568115234,1.356288247704506,0.0003
1,4500,1.2023613703250886,1.3420899736881255,0.0003
1,5000,1.1819134134054183,1.3462115168571471,0.0003
1,5500,1.1586809134483338,1.3454125672578812,0.0003
1,6000,1.143596612215042,1.3368288534879684,0.0003
1,6500,1.1228122144937516,1.327851096689701,0.0003
1,7000,1.1088203716278076,1.3323998367786407,0.0003
1,7500,1.0940708649158477,1.3272295445203781,0.0003
1,8000,1.0795642346143723,1.3332839572429658,0.0003
1,8500,1.0622418308258057,1.3363776075839997,0.0003
1,9000,1.050660293698311,1.3377541357278824,0.0003
1,9500,1.0370241600275039,1.3321008867025375,0.0003
1,10000,1.02299639493227,1.340700968503952,0.0003
1,10500,1.0093330651521684,1.3385707280039787,0.0003
1,11000,0.9963719832897187,1.346717467904091,0.0003
1,11500,0.9858503285050392,1.3363495498895646,0.0003
1,12000,0.9729019737243653,1.3482650712132453,0.0003
1,12500,0.9624947652220726,1.3661103534698487,0.0003
1,13000,0.9510922548174858,1.3625955629348754,0.0003
1,13500,0.9419869947433471,1.3781778475642203,0.0003
1,14000,0.9287984836101532,1.3644872534275054,0.0003
1,14500,0.9193732994794845,1.3651760983467103,0.0003
1,15000,0.9070501372218132,1.3877271068096162,0.0003
1,15500,0.8977034983038902,1.3790055018663407,0.0003
1,epoch_end,0.8944393709301949,1.3838377869129181,0.0003
2,16000,0.8904508385062218,1.3958221250772476,0.0003
2,16500,0.8784672126173974,1.385568604171276,0.0003
2,17000,0.870444016456604,1.395297124683857,0.0003
2,17500,0.8573538088798522,1.4116854077577592,0.0003
2,18000,0.8514691671729088,1.41402766674757,0.0003
2,18500,0.8406844609975814,1.4142219170928,0.0003
2,19000,0.8366081064939499,1.4273510092496873,0.0003
2,19500,0.8262648177146912,1.4301475673913955,0.0003
2,20000,0.8179008576273918,1.4239527893066406,0.0003
2,20500,0.8095513641834259,1.4398260965943337,0.0003
2,21000,0.8013276124000549,1.4399792355298997,0.0003
2,21500,0.7941127267479896,1.4477524989843369,0.0003
2,22000,0.7861124196648598,1.4654397732019424,0.0003
2,22500,0.7812035542726516,1.4636459052562714,0.0003
2,23000,0.7737212511897087,1.4653316509723664,0.0003
2,23500,0.7696605849266053,1.4730716973543168,0.0003
2,24000,0.757728214263916,1.4822394812107087,0.0003
2,24500,0.7545510601997375,1.4889920502901077,0.0003
2,25000,0.7461917659640313,1.4912636655569076,0.0003
2,25500,0.739846239387989,1.4980969125032424,0.0003
2,26000,0.7360963028669357,1.5042276346683503,0.0003
2,26500,0.7299042117595672,1.4985956639051436,0.0003
2,27000,0.7259556418657303,1.489331448674202,0.0003
2,27500,0.7159236311912537,1.5056348258256913,0.0003
2,28000,0.713344220817089,1.5047317600250245,0.0003
2,28500,0.7085045853257179,1.5195252114534379,0.0003
2,29000,0.7014954847097397,1.5178985661268234,0.0003
2,29500,0.6960734012722969,1.5317711699008942,0.0003
2,30000,0.6936492782831192,1.5221918046474456,0.0003
2,30500,0.6861877185106278,1.5272461462020874,0.0003
2,31000,0.6873359683156014,1.52061960875988,0.0003
2,epoch_end,0.6794699597358703,1.5464805817604066,0.0003
3,31500,0.6788214391469956,1.548905547261238,0.0003
3,32000,0.6759805852174758,1.5472088742256165,0.0003
3,32500,0.6731277391314506,1.557765673995018,0.0003
3,33000,0.6673640736937523,1.5535685527324676,0.0003
3,33500,0.6627976632118225,1.5396625536680222,0.0003
3,34000,0.6557982641458512,1.5615245032310485,0.0003
3,34500,0.653821756541729,1.5674538201093673,0.0003
3,35000,0.6503785485029221,1.5639267879724503,0.0003
3,35500,0.6456257513165474,1.5524234741926193,0.0003
3,36000,0.6408502098917961,1.568296019434929,0.0003
3,36500,0.6381199502944946,1.5810524141788482,0.0003
3,37000,0.6347811627388,1.5789479058980942,0.0003
3,37500,0.6303726008534432,1.5865307754278184,0.0003
3,38000,0.6294205850362777,1.5797669225931168,0.0003
3,38500,0.6242065981030465,1.5908954364061356,0.0003
3,39000,0.6210062247514725,1.5953406929969787,0.0003
3,39500,0.6197910472750664,1.5795220857858658,0.0003
3,40000,0.6136529263854027,1.5890025037527085,0.0003
3,40500,0.6116291430592536,1.6016517353057862,0.0003
3,41000,0.6101706400513649,1.5929815769195557,0.0003
3,41500,0.6050923055410385,1.612975436449051,0.0003
3,42000,0.6019935086369514,1.6070961719751358,0.0003
3,42500,0.5990975478291511,1.6130122315883637,0.0003
3,43000,0.5976732948422432,1.607519379258156,0.0003
3,43500,0.5918543174862861,1.6135411101579666,0.0003
3,44000,0.5916326940059662,1.6122027856111527,0.0003
3,44500,0.5891179779171943,1.6225987553596497,0.0003
3,45000,0.5818917727470398,1.6234395170211793,0.0003
3,45500,0.5838597866892815,1.6368774145841598,0.0003
3,46000,0.577187968492508,1.6250379973649978,0.0003
3,46500,0.579287535250187,1.6157423663139343,0.0003
3,47000,0.5726693576574325,1.6325876116752625,0.0003
3,epoch_end,0.5744294175505638,1.641232107281685,0.0003
4,47500,0.5717262330651284,1.6328842902183534,0.0003
4,48000,0.5709601929783821,1.6334471362829208,0.0003
4,48500,0.5678139102458953,1.6186360436677933,0.0003
4,49000,0.5631739780306816,1.646736633181572,0.0003
4,49500,0.5648830237984658,1.6366519713401795,0.0003
4,50000,0.5596471738815307,1.6505954200029374,0.0003
4,50500,0.558047952055931,1.6449777126312255,0.0003
4,51000,0.556326516866684,1.6386206948757172,0.0003
4,51500,0.5555502721667289,1.656339232325554,0.0003
4,52000,0.5527608335018158,1.6460720527172088,0.0003
4,52500,0.5518737703561782,1.64112770318985,0.0003
4,53000,0.5448972457647323,1.655815127491951,0.0003
4,53500,0.5443460360169411,1.6631409221887588,0.0003
4,54000,0.542003039419651,1.6682222002744675,0.0003
4,54500,0.5412460121512414,1.6641090488433838,0.0003
4,55000,0.5367793618142604,1.677264164686203,0.0003
4,55500,0.5388519179821014,1.6603093892335892,0.0003
4,56000,0.5359029471874237,1.6642650884389878,0.0003
4,56500,0.532585973739624,1.6808137488365174,0.0003
4,57000,0.5275264176726341,1.6897757118940353,0.0003
4,57500,0.5282471926510334,1.672504824399948,0.0003
4,58000,0.5262547275424003,1.6875203371047973,0.0003
4,58500,0.5234421925246715,1.693013426065445,0.0003
4,59000,0.5238252285122872,1.6784714204072952,0.0003
4,59500,0.5254687011241913,1.6856234085559845,0.0003
4,60000,0.5176616528630257,1.687490914463997,0.0003
4,60500,0.5161179827153682,1.6879538714885711,0.0003
4,61000,0.5141561248898506,1.6941587400436402,0.0003
4,61500,0.5135815897583962,1.707025818824768,0.0003
4,62000,0.5138941235840321,1.6916547846794128,0.0003
4,62500,0.5079939037561416,1.707818552851677,0.0003
4,epoch_end,0.5100419215857983,1.696868929862976,0.0003
5,63000,0.5081003193557262,1.7100920766592025,0.0003
5,63500,0.5099401240050793,1.7027288621664047,0.0003
5,64000,0.5060386830568313,1.7016806066036225,0.0003
5,64500,0.5035428938269615,1.6989175009727477,0.0003
5,65000,0.5022993871569633,1.7108315533399583,0.0003
5,65500,0.5010246379673481,1.7036724668741225,0.0003
5,66000,0.4993211753666401,1.7129726761579513,0.0003
5,66500,0.4985835616290569,1.7130710560083389,0.0003
5,67000,0.4973039442300797,1.7129535895586014,0.0003
5,67500,0.4957176378369331,1.7098938113451003,0.0003
5,68000,0.4916188979148865,1.730237815976143,0.0003
5,68500,0.4930863285064697,1.7207140582799911,0.0003
5,69000,0.4921343713998795,1.7158446663618088,0.0003
5,69500,0.48672477915883067,1.7229485857486724,0.0003
5,70000,0.4856569364666939,1.728975374698639,0.0003
5,70500,0.48748270973563196,1.7233964639902115,0.0003
5,71000,0.48414824113249777,1.7571675235033035,0.0003
5,71500,0.4839287231862545,1.7293148255348205,0.0003
5,72000,0.4804570297896862,1.744137286543846,0.0003
5,72500,0.4818372452259064,1.736347326040268,0.0003
5,73000,0.4779843744635582,1.745233108997345,0.0003
5,73500,0.4776813532412052,1.7433372908830642,0.0003
5,74000,0.47555473148822786,1.7341897827386856,0.0003
5,74500,0.47713286861777304,1.7393780368566514,0.0003
5,75000,0.4760162343084812,1.7424080646038056,0.0003
5,75500,0.47435372322797775,1.7476662123203277,0.0003
5,76000,0.4729476070404053,1.7405000829696655,0.0003
5,76500,0.4733071357011795,1.7417687886953355,0.0003
5,77000,0.4663885627686977,1.765887954235077,0.0003
5,77500,0.46917028561234475,1.7638926088809967,0.0003
5,78000,0.46438999235630035,1.7589766097068786,0.0003
5,epoch_end,0.4664048145711422,1.7654919826984405,0.0003
6,78500,0.4666235895454884,1.7460046708583832,0.0003
6,79000,0.4648910741508007,1.7599335116147996,0.0003
6,79500,0.4607932735979557,1.762380833029747,0.0003
6,80000,0.46432542741298677,1.7582914704084396,0.0003
6,80500,0.46097732439637185,1.7652011269330978,0.0003
6,81000,0.46095018804073334,1.7720109415054321,0.0003
6,81500,0.4580360323190689,1.7507414245605468,0.0003
6,82000,0.45766537234187127,1.762329631447792,0.0003
6,82500,0.45631767079234126,1.7796337419748307,0.0003
6,83000,0.45501297786831857,1.778710668683052,0.0003
6,83500,0.4577435114979744,1.7648708981275558,0.0003
6,84000,0.4546288208663464,1.7627479994297028,0.0003
6,84500,0.45035943761467934,1.7926248317956925,0.0003
6,85000,0.4517626145482063,1.7691319048404694,0.0003
6,85500,0.4519539624452591,1.7561289864778518,0.0003
6,86000,0.4505123856663704,1.7811248755455018,0.0003
6,86500,0.446558253467083,1.7831681448221206,0.0003
6,87000,0.4461578904092312,1.7808930087089538,0.0003
6,87500,0.4468761831521988,1.780546550154686,0.0003
6,88000,0.44685863494873046,1.7775738716125489,0.0003
6,88500,0.4430609866976738,1.774297270178795,0.0003
6,89000,0.44047757297754286,1.795603684782982,0.0003
6,89500,0.44261153116822244,1.7886588901281357,0.0003
6,90000,0.4405917777121067,1.7861095428466798,0.0003
6,90500,0.44117702469229697,1.7853906458616258,0.0003
6,91000,0.4405770456790924,1.7939527547359466,0.0003
6,91500,0.4409300896525383,1.7968972742557525,0.0003
6,92000,0.43822252556681635,1.790359069108963,0.0003
6,92500,0.43526184305548665,1.8077016168832778,0.0003
6,93000,0.4372784189879894,1.7827123814821244,0.0003
6,93500,0.4329270827770233,1.8004079115390779,0.0003
6,94000,0.43199219658970833,1.7967635267972946,0.0003
6,epoch_end,0.43480373308062553,1.7827170526981353,0.0003
7,94500,0.4329309356212616,1.7938692820072175,0.0003
7,95000,0.4321541030704975,1.7990383362770082,0.0003
7,95500,0.4328675976395607,1.7981790363788606,0.0003
7,96000,0.4309881417453289,1.7902412575483322,0.0003
7,96500,0.42767183005809783,1.8161836898326873,0.0003
7,97000,0.42768665328621863,1.8036650931835174,0.0003
7,97500,0.4264459253847599,1.8093530470132828,0.0003
7,98000,0.42632620021700857,1.8170975893735886,0.0003
7,98500,0.42493698835372923,1.8093985390663148,0.0003
7,99000,0.4236167512834072,1.8030115008354186,0.0003
7,99500,0.4255006954073906,1.8144369864463805,0.0003
7,100000,0.4232544237375259,1.8028820472955704,0.0003
7,100500,0.4212522445619106,1.8074577409029007,0.0003
7,101000,0.4211413426697254,1.8047834247350694,0.0003
7,101500,0.42007539436221125,1.8182796078920365,0.0003
7,102000,0.4208866211771965,1.809485169649124,0.0003
7,102500,0.416616875231266,1.8310727822780608,0.0003
7,103000,0.4199996414780617,1.8033653497695923,0.0003
7,103500,0.4158902969956398,1.8277846574783325,0.0003
7,104000,0.4154551275074482,1.834866782426834,0.0003
7,104500,0.4159197096526623,1.82590911090374,0.0003
7,105000,0.4136201155185699,1.824520503282547,0.0003
7,105500,0.4148580156266689,1.8268304878473283,0.0003
7,106000,0.41463797867298124,1.8173389422893524,0.0003
7,106500,0.41600346088409423,1.8296182465553283,0.0003
7,107000,0.4111892232298851,1.8409524548053742,0.0003
7,107500,0.4105933955311775,1.8302018231153487,0.0003
7,108000,0.41072504863142967,1.8226589488983154,0.0003
7,108500,0.4080123753845692,1.82145143866539,0.0003
7,109000,0.4088698396086693,1.8334912538528443,0.0003
7,109500,0.4051055733859539,1.827224451303482,0.0003
7,epoch_end,0.40594071954488753,1.8323411411046981,0.0003
8,110000,0.411223568469286,1.8222015053033829,0.0003
8,110500,0.40627378955483434,1.8349914449453353,0.0003
8,111000,0.4056524695456028,1.8383094054460525,0.0003
8,111500,0.4068057596683502,1.8435133403539659,0.0003
8,112000,0.4028090055286884,1.844311358332634,0.0003
8,112500,0.40372844904661176,1.8349291700124741,0.0003
8,113000,0.40063112244009974,1.831105272769928,0.0003
8,113500,0.4014202642440796,1.8521020913124084,0.0003
8,114000,0.4031878696382046,1.8325579470396043,0.0003
8,114500,0.39843968689441683,1.8487036991119385,0.0003
8,115000,0.4005941653251648,1.8397056078910827,0.0003
8,115500,0.39903105959296226,1.843593265414238,0.0003
8,116000,0.4004947079718113,1.851459300518036,0.0003
8,116500,0.40071748062968254,1.831942521929741,0.0003
8,117000,0.40075700923800467,1.8369777047634124,0.0003
8,117500,0.39771434232592584,1.8437528145313262,0.0003
8,118000,0.39910613238811493,1.8336507654190064,0.0003
8,118500,0.39854315131902696,1.8478939998149873,0.0003
8,119000,0.3952990546822548,1.8452506160736084,0.0003
8,119500,0.3945141030848026,1.8452694123983384,0.0003
8,120000,0.3936187636852264,1.8479806119203568,0.0003
8,120500,0.3947044762969017,1.8488192129135133,0.0003
8,121000,0.39431168168783187,1.8602083718776703,0.0003
8,121500,0.3934135669469833,1.8416138571500777,0.0003
8,122000,0.3929981815814972,1.8420132935047149,0.0003
8,122500,0.39066232115030286,1.8426847475767136,0.0003
8,123000,0.39358841732144356,1.8508862781524658,0.0003
8,123500,0.39136144444346427,1.8552762246131898,0.0003
8,124000,0.39128025367856023,1.8697744971513748,0.0003
8,124500,0.3908249518275261,1.8529501855373383,0.0003
8,125000,0.38874601885676385,1.8508257114887237,0.0003
8,epoch_end,0.3890690875053406,1.8501711571216584,0.0003
9,125500,0.3877153979241848,1.8551594138145446,0.0003
9,126000,0.3895607732236385,1.8427524626255036,0.0003
9,126500,0.3875344407558441,1.8559452193975448,0.0003
9,127000,0.38946429058909415,1.866244730949402,0.0003
9,127500,0.3860172778367996,1.8749672466516494,0.0003
9,128000,0.38456614047288895,1.8603848648071288,0.0003
9,128500,0.3833773273229599,1.8625143402814865,0.0003
9,129000,0.38764742627739907,1.8520050287246703,0.0003
9,129500,0.3821367807686329,1.8631358671188354,0.0003
9,130000,0.3838989014923573,1.8531467002630233,0.0003
9,130500,0.38140584707260133,1.87239471077919,0.0003
9,131000,0.3824504265189171,1.8676739203929902,0.0003
9,131500,0.3820190139114857,1.8683838099241257,0.0003
9,132000,0.37911505714058874,1.8745068329572678,0.0003
9,132500,0.3809714525938034,1.8664538019895554,0.0003
9,133000,0.38018388956785204,1.8622372257709503,0.0003
9,133500,0.3799283270537853,1.8684479653835298,0.0003
9,134000,0.37764625772833826,1.8724502050876617,0.0003
9,134500,0.3787096747756004,1.8650714695453643,0.0003
9,135000,0.37678917065262796,1.87212709069252,0.0003
9,135500,0.37517161831259727,1.878559495806694,0.0003
9,136000,0.37977939620614054,1.8608126491308212,0.0003
9,136500,0.3754886265099049,1.8762902176380158,0.0003
9,137000,0.37350760981440545,1.8678823083639144,0.0003
9,137500,0.37569094330072406,1.8916347920894623,0.0003
9,138000,0.3765770855545998,1.8576168805360793,0.0003
9,138500,0.3743344932794571,1.8729932171106338,0.0003
9,139000,0.37207106173038484,1.8674004536867141,0.0003
9,139500,0.3740367890894413,1.8647070509195327,0.0003
9,140000,0.37216255858540537,1.8727557891607285,0.0003
9,140500,0.37406587451696394,1.859100698828697,0.0003
9,141000,0.37006062850356103,1.8746122521162034,0.0003
9,epoch_end,0.3712483091652393,1.8836749720573425,0.0003
10,141500,0.37110839754343034,1.887530995607376,0.0003
10,142000,0.3701490366458893,1.8699389213323594,0.0003
10,142500,0.3682257042825222,1.8810031974315644,0.0003
10,143000,0.37152690038084984,1.887800548672676,0.0003
10,143500,0.36958142161369323,1.8806677180528641,0.0003
10,144000,0.36892753139138224,1.8778460508584975,0.0003
10,144500,0.36929172948002814,1.8801447993516922,0.0003
10,145000,0.3684296524524689,1.8834197825193406,0.0003
10,145500,0.36669965624809264,1.8964499592781068,0.0003
10,146000,0.3692671112716198,1.8699476259946823,0.0003
10,146500,0.36719040289521215,1.886017959713936,0.0003
10,147000,0.3679422095417976,1.8819827544689178,0.0003
10,147500,0.36916679129004476,1.8791046303510666,0.0003
10,148000,0.3645049850642681,1.8981147301197052,0.0003
10,148500,0.3650958140194416,1.8948658519983292,0.0003
10,149000,0.3647714123129845,1.894418711066246,0.0003
10,149500,0.3626561127603054,1.8880496525764465,0.0003
10,150000,0.3617159827053547,1.896303368806839,0.0003
10,150500,0.36378674119710924,1.8804322856664657,0.0003
10,151000,0.36174753069877624,1.89071861743927,0.0003
10,151500,0.36100624993443486,1.8870812302827835,0.0003
10,152000,0.3616795222461224,1.88763146340847,0.0003
10,152500,0.3651695030927658,1.8867206621170043,0.0003
10,153000,0.3594160921871662,1.9069127976894378,0.0003
10,153500,0.3635930934548378,1.8845033740997315,0.0003
10,154000,0.3603300639986992,1.9031235671043396,0.0003
10,154500,0.3580750969052315,1.8948551440238952,0.0003
10,155000,0.36243664264678954,1.8796128278970718,0.0003
10,155500,0.3590590678155422,1.8920111978054046,0.0003
10,156000,0.3594302676618099,1.885299909710884,0.0003
10,156500,0.358117793649435,1.8900727343559265,0.0003
10,epoch_end,0.3580910138785839,1.8937006521224975,0.0003
11,157000,0.3592680555582046,1.8855312699079514,0.0003
11,157500,0.36095828518271444,1.8917793393135072,0.0003
11,158000,0.3581731057167053,1.8975717055797576,0.0003
11,158500,0.35696950927376747,1.8993011784553528,0.0003
11,159000,0.3570663034915924,1.8906351751089097,0.0003
11,159500,0.35861691549420355,1.897487421631813,0.0003
11,160000,0.3572097457945347,1.8923749768733977,0.0003
11,160500,0.35527079805731776,1.9035662877559663,0.0003
11,161000,0.3535223208367825,1.9094533342123032,0.0003
11,161500,0.3547417493164539,1.9114423549175263,0.0003
11,162000,0.35279308795928954,1.915079533457756,0.0003
11,162500,0.3514935873448849,1.9227837353944779,0.0003
11,163000,0.3530199585855007,1.9021316570043565,0.0003
11,163500,0.3536261563003063,1.8962091821432114,0.0003
11,164000,0.3525511160492897,1.912426112294197,0.0003
11,164500,0.3513225267827511,1.9176213151216508,0.0003
11,165000,0.35384183064103125,1.9142142623662948,0.0003
11,165500,0.351515758484602,1.9099918168783188,0.0003
11,166000,0.35301926657557486,1.910071808695793,0.0003
11,166500,0.34961833983659746,1.9139570432901383,0.0003
11,167000,0.35081971928477285,1.91067364692688,0.0003
11,167500,0.3509995076060295,1.9063930636644364,0.0003
11,168000,0.3494421687722206,1.912386994957924,0.0003
11,168500,0.3477360823750496,1.9129435425996781,0.0003
11,169000,0.3488745628297329,1.9119603264331817,0.0003
11,169500,0.34823964536190033,1.906006751060486,0.0003
11,170000,0.34594656065106394,1.9166923034191132,0.0003
11,170500,0.34810292840003965,1.9133101105690002,0.0003
11,171000,0.34704848065972327,1.9243236601352691,0.0003
11,171500,0.34590289190411566,1.930818105340004,0.0003
11,172000,0.3456686095893383,1.92073421895504,0.0003
11,172500,0.34736631155014036,1.9168959629535676,0.0003
11,epoch_end,0.3467168301343918,1.9288608837127685,0.0003
12,173000,0.346685943454504,1.9140853816270829,0.0003
12,173500,0.3454176910221577,1.9185221135616302,0.0003
12,174000,0.3460898622870445,1.9034726518392562,0.0003
12,174500,0.3438876615464687,1.9132163441181183,0.0003
12,175000,0.3448565089702606,1.9151883190870285,0.0003
12,175500,0.34411370396614077,1.9167254132032394,0.0003
12,176000,0.3444844299554825,1.9132418531179427,0.0003
12,176500,0.3436352623999119,1.9242911291122438,0.0003
12,177000,0.343324513733387,1.9242721420526505,0.0003
12,177500,0.3429134680330753,1.9159350615739823,0.0003
12,178000,0.34073075115680695,1.9368068557977676,0.0003
12,178500,0.3443573312461376,1.9183440774679184,0.0003
12,179000,0.34372795701026915,1.9216829806566238,0.0003
12,179500,0.34364014625549316,1.922235106229782,0.0003
12,180000,0.34640245884656906,1.9170187133550645,0.0003
12,180500,0.3408910784125328,1.931911774277687,0.0003
12,181000,0.3411367337405682,1.9299517804384232,0.0003
12,181500,0.3404740090668201,1.9358596968650819,0.0003
12,182000,0.3420391134917736,1.9113934767246246,0.0003
12,182500,0.3433006231486797,1.924473556280136,0.0003
12,183000,0.341324033588171,1.9165020543336868,0.0003
12,183500,0.33946986570954324,1.9225481367111206,0.0003
12,184000,0.33835447564721105,1.9498577040433884,0.0003
12,184500,0.33897932678461073,1.938885492682457,0.0003
12,185000,0.3393711113929749,1.9390862959623336,0.0003
12,185500,0.33759056895971296,1.9355435299873351,0.0003
12,186000,0.33895916789770125,1.9356141573190688,0.0003
12,186500,0.33833018913865087,1.9252180749177932,0.0003
12,187000,0.3356092140078545,1.9432025635242463,0.0003
12,187500,0.33492773115634916,1.9565256601572036,0.0003
12,188000,0.3360699009895325,1.9410420566797257,0.0003
12,epoch_end,0.33766930669546125,1.9423022216558457,0.0003
13,188500,0.33785860672593115,1.929396864771843,0.0003
13,189000,0.3357355983555317,1.9417402452230454,0.0003
13,189500,0.3343075282871723,1.9397778803110122,0.0003
13,190000,0.33798265814781187,1.9259593284130097,0.0003
13,190500,0.3367325696349144,1.9308211916685105,0.0003
13,191000,0.33435645312070844,1.9550726002454757,0.0003
13,191500,0.3353379684686661,1.9340196818113327,0.0003
13,192000,0.3376573030650616,1.919139171242714,0.0003
13,192500,0.33436461046338084,1.934535094499588,0.0003
13,193000,0.33346291333436967,1.9424201917648316,0.0003
13,193500,0.33282300338149073,1.952922421693802,0.0003
13,194000,0.33509225875139237,1.9472523921728133,0.0003
13,194500,0.33447274506092073,1.941229481101036,0.0003
13,195000,0.3339123770594597,1.9459884095191955,0.0003
13,195500,0.33242424711585045,1.9506477147340775,0.0003
13,196000,0.3316576461493969,1.95131740629673,0.0003
13,196500,0.3324785268306732,1.945546333193779,0.0003
13,197000,0.3321179926395416,1.9367170161008835,0.0003
13,197500,0.33225028321146965,1.933895155787468,0.0003
13,198000,0.32930239275097845,1.9532365757226944,0.0003
13,198500,0.33226506784558296,1.9413436758518219,0.0003
13,199000,0.32900624215602875,1.9441052979230882,0.0003
13,199500,0.3304795381426811,1.9416579109430314,0.0003
13,200000,0.3311679369211197,1.9407997274398803,0.0003
13,200500,0.32969098538160324,1.9547726356983184,0.0003
13,201000,0.330400293469429,1.9602625751495362,0.0003
13,201500,0.32734861731529236,1.9622637337446214,0.0003
13,202000,0.32943265944719313,1.9468444865942,0.0003
13,202500,0.3291635057330132,1.9502148067951202,0.0003
13,203000,0.328338038623333,1.9574123740196228,0.0003
13,203500,0.3299442549049854,1.9574818122386932,0.0003
13,epoch_end,0.32772915363311766,1.952689773440361,0.0003
14,204000,0.3285490311682224,1.9512352985143662,0.0003
14,204500,0.33031827986240386,1.9465602058172227,0.0003
14,205000,0.32700333282351496,1.9521766573190689,0.0003
14,205500,0.3264332674443722,1.9595183789730073,0.0003
14,206000,0.32727583885192874,1.9578495025634766,0.0003
14,206500,0.32816264167428016,1.955632147192955,0.0003
14,207000,0.3266970881819725,1.9465935122966767,0.0003
14,207500,0.32531533867120743,1.9555018371343613,0.0003
14,208000,0.3262690368294716,1.9401096266508102,0.0003
14,208500,0.32557764947414397,1.952413995862007,0.0003
14,209000,0.32692962035536766,1.9580487269163132,0.0003
14,209500,0.32765703573822974,1.952613090276718,0.0003
14,210000,0.32299519076943395,1.970258703827858,0.0003
14,210500,0.3264972968399525,1.9539669358730316,0.0003
14,211000,0.32388120457530023,1.9543141412734986,0.0003
14,211500,0.3239546151459217,1.9615375846624374,0.0003
14,212000,0.3247750243544579,1.9676577800512314,0.0003
14,212500,0.32416409358382225,1.9646020811796188,0.0003
14,213000,0.323392995595932,1.9686394816637038,0.0003
14,213500,0.3233213475346565,1.966454650759697,0.0003
14,214000,0.32243547961115837,1.9673366504907608,0.0003
14,214500,0.3242025348544121,1.9788999682664872,0.0003
14,215000,0.3231623317301273,1.9555493986606598,0.0003
14,215500,0.3228624023497105,1.969901214838028,0.0003
14,216000,0.321109778881073,1.9625297343730927,0.0003
14,216500,0.3224519073963165,1.9628326231241227,0.0003
14,217000,0.32209927767515184,1.9681495732069016,0.0003
14,217500,0.31976211681962013,1.9734657943248748,0.0003
14,218000,0.3208090151846409,1.96020174741745,0.0003
14,218500,0.32015142008662223,1.974014594554901,0.0003
14,219000,0.3233474738895893,1.9562900018692018,0.0003
14,219500,0.32201858922839166,1.9617059022188186,0.0003
14,epoch_end,0.32150483936071395,1.9663499957323074,0.0003
15,220000,0.32356603801250455,1.9642165434360503,0.0003
15,220500,0.32010812401771543,1.9665023022890091,0.0003
15,221000,0.3181937450170517,1.9706217581033707,0.0003
15,221500,0.31982935667037965,1.974590231180191,0.0003
15,222000,0.3223613525927067,1.9680174225568772,0.0003
15,222500,0.3187959392368793,1.9641885286569596,0.0003
15,223000,0.31974188297986983,1.9708674585819244,0.0003
15,223500,0.32187871024012565,1.9563380426168442,0.0003
15,224000,0.32122258096933365,1.9704016411304475,0.0003
15,224500,0.31855453476309775,1.96560280919075,0.0003
15,225000,0.32013918220996856,1.9619419538974763,0.0003
15,225500,0.3190812450647354,1.9753077548742295,0.0003
15,226000,0.31981629848480225,1.9752958500385285,0.0003
15,226500,0.3157408654689789,1.9731615406274796,0.0003
15,227000,0.31266465425491335,1.9999329602718354,0.0003
15,227500,0.3155587637424469,1.9825719237327575,0.0003
15,228000,0.3169843697547913,1.980717840194702,0.0003
15,228500,0.3170430879294872,1.9778072023391724,0.0003
15,229000,0.31714725330471993,1.9667279648780822,0.0003
15,229500,0.3163501262664795,1.989860046505928,0.0003
15,230000,0.31569319233298304,1.9823525029420852,0.0003
15,230500,0.3179089686274528,1.9714829671382903,0.0003
15,231000,0.3158826418220997,1.9753347426652907,0.0003
15,231500,0.31577010795474053,1.9852443194389344,0.0003
15,232000,0.31206211432814596,1.9973165553808212,0.0003
15,232500,0.31511382341384886,1.9849830597639084,0.0003
15,233000,0.3142377509176731,1.9810445111989976,0.0003
15,233500,0.31483678266406057,1.9845154786109924,0.0003
15,234000,0.3166686014831066,1.9747519099712372,0.0003
15,234500,0.31672194600105286,1.981346452832222,0.0003
15,235000,0.31489076852798464,1.9830054718255996,0.0003
15,epoch_end,0.3138911211490631,1.9920777201652526,0.0003
16,235500,0.31337141260504725,1.9923748767375946,0.0003
16,236000,0.31386262103915213,1.976655153632164,0.0003
16,236500,0.31433633133769034,1.9825698357820511,0.0003
16,237000,0.31457825765013697,1.9845898002386093,0.0003
16,237500,0.312487056106329,1.9822713887691499,0.0003
16,238000,0.31318115696311,1.9894142985343932,0.0003
16,238500,0.31432139039039614,1.9795597517490386,0.0003
16,239000,0.3142048743367195,1.9755836540460587,0.0003
16,239500,0.31193230345845224,1.9807191014289856,0.0003
16,240000,0.3109453539550304,1.9818010461330413,0.0003
16,240500,0.31298725575208663,1.9912917017936707,0.0003
16,241000,0.3116713124513626,1.9878356844186782,0.0003
16,241500,0.3110642983019352,1.9686523514986038,0.0003
16,242000,0.3122157809138298,1.972889341711998,0.0003
16,242500,0.31057232826948167,1.9921397870779038,0.0003
16,243000,0.30966120526194574,1.99117362678051,0.0003
16,243500,0.3093571601808071,1.9793179029226302,0.0003
16,244000,0.3087555302679539,1.9832521164417267,0.0003
16,244500,0.3108696436882019,1.9876434457302095,0.0003
16,245000,0.3109579941630363,1.9917222899198532,0.0003
16,245500,0.30950658559799193,1.9884884494543076,0.0003
16,246000,0.3097270432114601,1.9946254682540894,0.0003
16,246500,0.309350953400135,1.9924084693193436,0.0003
16,247000,0.30936414062976836,1.9739158761501312,0.0003
16,247500,0.3090276688337326,1.9845871406793594,0.0003
16,248000,0.3100146283209324,1.9862059223651887,0.0003
16,248500,0.30832802549004557,1.9745810633897782,0.0003
16,249000,0.3077129696309566,1.9904780495166778,0.0003
16,249500,0.30682399570941926,1.9947675466537476,0.0003
16,250000,0.3085519389808178,1.9835201144218444,0.0003
16,250500,0.3090544191002846,1.9840667551755906,0.0003
16,epoch_end,0.3084266662597656,1.982304462790489,0.0003
17,251000,0.30957944199442866,1.9995467191934586,0.0003
17,251500,0.306641815751791,2.0058606868982314,0.0003
17,252000,0.3072260820865631,1.996417852640152,0.0003
17,252500,0.30925318256020545,1.986934614777565,0.0003
17,253000,0.3068423771858215,1.9854841142892838,0.0003
17,253500,0.3080419732630253,1.99107861995697,0.0003
17,254000,0.3081314817070961,1.9827795135974884,0.0003
17,254500,0.30841473653912543,1.979476704597473,0.0003
17,255000,0.3067080956697464,1.9870965033769608,0.0003
17,255500,0.3061743438243866,1.9908268445730208,0.0003
17,256000,0.30628260180354117,2.001143693327904,0.0003
17,256500,0.30528116181492804,2.0048760282993316,0.0003
17,257000,0.30521569654345515,2.009332882165909,0.0003
17,257500,0.3051484450697899,1.998741022348404,0.0003
17,258000,0.3029604819417,1.997256321310997,0.0003
17,258500,0.30524017721414565,1.9987262398004533,0.0003
17,259000,0.3044010615348816,2.002005959749222,0.0003
17,259500,0.3064936436712742,2.0053071123361588,0.0003
17,260000,0.3049576203525066,2.0010299354791643,0.0003
17,260500,0.30283792048692704,2.0006366473436357,0.0003
17,261000,0.30593279749155045,1.9932638239860534,0.0003
17,261500,0.30508340924978256,2.0025415980815886,0.0003
17,262000,0.30334333643317224,2.003250632286072,0.0003
17,262500,0.30484923243522644,2.0032278537750243,0.0003
17,263000,0.3032688209414482,2.006382476687431,0.0003
17,263500,0.3032347059249878,1.994914899468422,0.0003
17,264000,0.30370020389556884,2.0030510312318803,0.0003
17,264500,0.304456801712513,1.998199098110199,0.0003
17,265000,0.304803928732872,1.9973635238409042,0.0003
17,265500,0.30282030582427977,2.00141062438488,0.0003
17,266000,0.30314880177378656,1.9886382001638412,0.0003
17,266500,0.3005735033750534,2.0135601592063903,0.0003
17,epoch_end,0.30385496482253077,2.001370139718056,0.0003
18,267000,0.3021177710592747,2.0051425313949585,0.0003
18,267500,0.30403800517320634,2.0030296152830123,0.0003
18,268000,0.30467898175120356,2.005655185580254,0.0003
18,268500,0.30059834241867067,2.000363655090332,0.0003
18,269000,0.3019949847459793,2.0135200864076612,0.0003
18,269500,0.3003963212668896,2.0134380900859834,0.0003
18,270000,0.30037692934274673,2.0028304785490034,0.0003
18,270500,0.30183920085430144,2.010051433444023,0.0003
18,271000,0.30045693427324294,2.007648663520813,0.0003
18,271500,0.3013114711642265,2.0035024851560594,0.0003
18,272000,0.3002327977120876,2.00782617688179,0.0003
18,272500,0.2988146880269051,2.0118198704719545,0.0003
18,273000,0.2999827602505684,2.007615938782692,0.0003
18,273500,0.2996014265716076,2.0080297338962554,0.0003
18,274000,0.29928731128573416,2.0074846374988558,0.0003
18,274500,0.2988967606425285,2.0118741673231124,0.0003
18,275000,0.2992482343316078,2.022920576930046,0.0003
18,275500,0.2988187612593174,2.0103395277261735,0.0003
18,276000,0.29704705253243446,2.0229410111904143,0.0003
18,276500,0.2980903999507427,2.029400709271431,0.0003
18,277000,0.29763286918401716,2.0255694401264193,0.0003
18,277500,0.29898023799061774,2.0138075774908066,0.0003
18,278000,0.29722273275256156,2.0364651012420656,0.0003
18,278500,0.29765815019607544,2.0181422245502474,0.0003
18,279000,0.2993882732093334,2.0138949477672576,0.0003
18,279500,0.3002599492669106,2.0270675760507584,0.0003
18,280000,0.29474475055932997,2.0424760967493056,0.0003
18,280500,0.2974725821614265,2.017296061515808,0.0003
18,281000,0.29717386424541475,2.0187775892019273,0.0003
18,281500,0.2950331130623817,2.016888934969902,0.0003
18,282000,0.30073888421058653,2.0038025689125063,0.0003
18,epoch_end,0.2966176699101925,2.010154483318329,0.0003
19,282500,0.29615172758698466,2.01940944314003,0.0003
19,283000,0.2971539941430092,2.0294255030155184,0.0003
19,283500,0.29747016191482545,2.004637104868889,0.0003
19,284000,0.29520278841257097,2.0188107824325563,0.0003
19,284500,0.2970112009346485,2.0205753374099733,0.0003
19,285000,0.2965905015170574,2.021514039635658,0.0003
19,285500,0.2958091901242733,2.0322226601839066,0.0003
19,286000,0.2964200110733509,2.0256768935918807,0.0003
19,286500,0.2945418730378151,2.0330473786592482,0.0003
19,287000,0.2954347865283489,2.0235002291202546,0.0003
19,287500,0.29531409084796906,2.036549857258797,0.0003
19,288000,0.29394008487462997,2.0276431930065155,0.0003
19,288500,0.29484561681747434,2.031328356862068,0.0003
19,289000,0.2956320761144161,2.02037030339241,0.0003
19,289500,0.2955473056435585,2.040460532307625,0.0003
19,290000,0.29401765078306197,2.0275732815265655,0.0003
19,290500,0.29610234662890433,2.0128138387203216,0.0003
19,291000,0.2957721121609211,2.0198397499322893,0.0003
19,291500,0.2952332554757595,2.027627580165863,0.0003
19,292000,0.2930849215388298,2.0426503372192384,0.0003
19,292500,0.29554653629660604,2.0297778618335722,0.0003
19,293000,0.29490129694342615,2.0235153436660767,0.0003
19,293500,0.29220147386193274,2.0374747318029405,0.0003
19,294000,0.29507199227809905,2.0191323274374007,0.0003
19,294500,0.2947083446383476,2.036186031103134,0.0003
19,295000,0.2937962281703949,2.0324607396125796,0.0003
19,295500,0.29486904323101043,2.015794467329979,0.0003
19,296000,0.2918985976278782,2.0318547374010087,0.0003
19,296500,0.2934474483132362,2.0285265183448793,0.0003
19,297000,0.29488122448325155,2.0288304871320726,0.0003
19,297500,0.2913370007276535,2.0324145567417147,0.0003
19,epoch_end,0.29326135471463205,2.032573828101158,0.0003
20,298000,0.2925511555373669,2.0341945201158524,0.0003
20,298500,0.29135885804891587,2.047682520747185,0.0003
20,299000,0.2910901285707951,2.034988195300102,0.0003
20,299500,0.29188963770866394,2.0364131826162337,0.0003
20,300000,0.2922954589128494,2.0330364376306536,0.0003
20,300500,0.29255928099155426,2.0321484065055846,0.0003
20,301000,0.2910190810263157,2.0303106433153153,0.0003
20,301500,0.28888057082891466,2.042309014201164,0.0003
20,302000,0.288860901594162,2.0303438824415205,0.0003
20,302500,0.28879682168364523,2.042943125367165,0.0003
20,303000,0.2897650584578514,2.0453802436590194,0.0003
20,303500,0.2921252803504467,2.0163397896289825,0.0003
20,304000,0.2896686826646328,2.045176352262497,0.0003
20,304500,0.29228050529956817,2.0344126629829407,0.0003
20,305000,0.29344604030251503,2.0331658834218977,0.0003
20,305500,0.2919543747603893,2.03637963950634,0.0003
20,306000,0.2900278693437576,2.0259044468402863,0.0003
20,306500,0.28997170433402064,2.0457727217674258,0.0003
20,307000,0.29263634771108626,2.029754474759102,0.0003
20,307500,0.28994637057185174,2.032980616092682,0.0003
20,308000,0.28861955150961877,2.0442386835813524,0.0003
20,308500,0.29193685367703437,2.0168685322999953,0.0003
20,309000,0.2883141432702541,2.045262420773506,0.0003
20,309500,0.28779018476605417,2.038254953622818,0.0003
20,310000,0.2904013000428677,2.0282277512550353,0.0003
20,310500,0.2893091736733913,2.044014968276024,0.0003
20,311000,0.2893297934532166,2.043304762840271,0.0003
20,311500,0.28815790846943856,2.037414526343346,0.0003
20,312000,0.2877724121510983,2.0473114055395127,0.0003
20,312500,0.28744056954979896,2.044546927213669,0.0003
20,313000,0.28848069831728934,2.0464333963394163,0.0003
20,313500,0.28710866838693616,2.045420367717743,0.0003
20,epoch_end,0.2871264097094536,2.046629413962364,0.0003
